name,equation_type,definition,python_equation
dmptmax,Behavioral,Monetary policy indicator for both thresholds,"dmptmax - dmptmax_aerr = (max((dmptlur),(dmptpi)))"
adjlegrt,Exogenous,Potential government employment ratio (relative to business),
d79a,Exogenous,"Dummy, post-1979 indicator",
d8095,Exogenous,"Dummy, 1980-1995 indicator",
d83,Exogenous,"Dummy, post-1983 indicator",
d87,Exogenous,"Dummy, post-1986 indicator",
ddockm,Exogenous,"Dock strike dummy, import equation",
ddockx,Exogenous,"Dock strike dummy, export equation",
delrff,Identity,"Federal funds rate, first diff",delrff - delrff_aerr = rff - rff(-1)
deuc,Exogenous,"EUC switch:  1 for including EUC, 0 for not including",
dfmprr,Exogenous,"Dummy, Foreign monetary policy switch:  Exogenous real interest rate",
dfpdbt,Exogenous,Fiscal policy switch:  1 for debt ratio stabilization,
dfpex,Exogenous,Fiscal policy switch:  1 for exogenous personal income trend tax rates,
dfpsrp,Exogenous,Fiscal policy switch:  1 for surplus ratio stabilization,
dglprd,Exogenous,Switch to control for long-run productivity growth in the government sector,
dmpalt,Exogenous,Monetary policy switch: MA rule,
dmpex,Exogenous,Monetary policy switch:  exogenous federal funds rate,
dmpgen,Exogenous,Monetary policy switch:  Generalized reaction function,
dmpintay,Exogenous,Monetary policy switch:  inertial taylor rule,
dmprr,Exogenous,Monetary policy switch:  exogenous real federal funds rate,
dmptay,Exogenous,Monetary policy switch:  Taylor's reaction function,
dmptlr,Exogenous,Monetary policy switch:  Taylor's reaction function with unemployment gap,
dmptlur,Behavioral,Monetary policy indicator for unemployment threshold,dmptlur - dmptlur_aerr = 1/(1+exp(y_dmptlur_1*(lur-lurtrsh)))
dmptpi,Behavioral,Monetary policy indicator for inflation threshold,dmptpi - dmptpi_aerr = 1/(1+exp(y_dmptpi_1*(zpic58-pitrsh)))
dmptr,Behavioral,Monetary policy indicator for policy rule thresholds,"dmptr - dmptr_aerr = (max(dmptmax,(dmptr(-1))))"
dmptrsh,Exogenous,"Monetary policy threshold switch:  0 for no threshold,  1 for threshold",
dpadj,Behavioral,Price inflation aggregation adjustment,dpadj - dpadj_aerr - dpadj(-1) = y_dpadj_1 * dpgap(-1)
dpgap,Identity,Price inflation aggregation discrepancy,"dpgap - dpgap_aerr =  pipxnc/400 - (
        y_dpgap_1 * ( log( phr * pxp) - ( log( phr(-1) * pxp(-1))))
      + y_dpgap_2 * ( log( pbfir * pxp) - ( log( pbfir(-1) * pxp(-1))))
      + (y_dpgap_3+y_dpgap_4) * ( log( pegfr * pxp) - ( log( pegfr(-1) * pxp(-1))))
      + (y_dpgap_5+y_dpgap_6) * ( log( pegsr * pxp) - ( log( pegsr(-1) * pxp(-1))))
      + y_dpgap_7 * ( log( pxr * pxp) - ( log( pxr(-1) * pxp(-1)))))"
drstar,Exogenous,"RSTAR updating switch: 1 is on, 0 is off",
ebfi,Behavioral,"Business Fixed Investment, cw 2012$","(log(ebfi) - log(ebfi(-1)))  - ebfi_aerr =
          (y_ebfi_1*(log(qebfi(-1)/ebfi(-1)))
          + y_ebfi_2*(log(ebfi(-1)) - log(ebfi(-2)))
          + y_ebfi_3*(log(ebfi(-2)) - log(ebfi(-3)))
          + y_ebfi_4*zebfi)*(1
          -y_ebfi_5)
          + y_ebfi_5*((log(xb(-1)) - log(xb(-2))) - hgpbfir(-1)/400)"
ebfin,Identity,"Investment in equipment, current $",ebfin - ebfin_aerr = 0.01*ebfi*pbfir*pxp
ec,Behavioral,"Consumption, cw 2012$ (FRB/US definition)","log(ec) - ec_aerr = log(ec(-1)) + y_ec_1*log(eco/eco(-1)) + y_ec_2*log(ech/ech(-1))
                         +y_ec_3*log((yhpcd+jkcd)/(yhpcd(-1)+jkcd(-1)))"
ecd,Behavioral,"Consumer expenditures on durable goods, cw 2012$","(log(ecd) - log(ecd(-1)))  - ecd_aerr =
            y_ecd_1 * log(qecd(-1)/ecd(-1))
          + y_ecd_2 * (log(ecd(-1)) - log(ecd(-2)))
          + y_ecd_3 * zecd
          + y_ecd_4 * zgapc2 / 400"
ech,Behavioral,"Consumer expenditures on housing services, cw 2012$","(ech/kh(-1) - (ech(-1)/kh(-2)))  - ech_aerr =
           y_ech_1
          + y_ech_2*ech(-1)/kh(-2)
          + y_ech_3*(ech(-1)/kh(-2) - (ech(-2)/kh(-3)))"
ecnia,Behavioral,"Personal consumption expenditures, cw 2012$ (NIPA definition)","log(ecnia)  - ecnia_aerr = log(ecnia(-1))
          + y_ecnia_1*log(eco/eco(-1))
          + y_ecnia_2*log(ecd/ecd(-1))
          + y_ecnia_3*log(ech/ech(-1))"
ecnian,Identity,"Personal consumption expenditures, current $ (NIPA definition)",ecnian - ecnian_aerr = .01*pcnia*ecnia
eco,Behavioral,"Consumer expenditures on non-durable goods and non-housing services, cw 2012$","(log(eco) - log(eco(-1)))  - eco_aerr =
          ( y_eco_1 * log(qeco(-1)/eco(-1))
          + y_eco_2 * (log(eco(-1)) - log(eco(-2)))
          + y_eco_3 * zeco) * (1
          -y_eco_4)
          + y_eco_4 * (log(yhl+yht) - log(yhl(-1)+yht(-1)))"
egfe,Behavioral,"Federal Government expenditures, CW 2012$","( log(egfe) - ( log(egfe(-1))))  - egfe_aerr =
           y_egfe_1
          + y_egfe_2 * log(egfe(-1)/egfet(-1))
          + y_egfe_3 *  ( log(egfe(-1)) - ( log(egfe(-2))))
          + y_egfe_4 *  ( log(egfe(-2)) - ( log(egfe(-3))))
          + y_egfe_5 * ( log(egfet) - ( log(egfet(-1))))
          + y_egfe_6 *  xgap2
          + y_egfe_7 *  xgap2(-1)"
egfen,Identity,"Federal Government expenditures, current $",egfen - egfen_aerr = pegfr*pxp*egfe*.01
egfet,Behavioral,"Federal Government expenditures, CW 2012$, Trend","( log(egfet) - ( log(egfet(-1)))) - egfet_aerr  = y_egfet_1
                    + y_egfet_2 * log(.01*pegfr(-1)*pxp(-1)*egfet(-1)/xgdptn(-1))
                    + y_egfet_3 * (hggdpt+hggdpt(-1)+hggdpt(-2)+hggdpt(-3)) / 1600"
egfl,Behavioral,"Federal government employee compensation, cw 2012$","( log(egfl) - ( log(egfl(-1))))   - egfl_aerr =
           y_egfl_1
          + y_egfl_2 * log(egfl(-1)/egflt(-1))
          + y_egfl_3 *  ( log(egfl(-1)) - ( log(egfl(-2))))
          + y_egfl_4 *  ( log(egfl(-2)) - ( log(egfl(-3))))
          + y_egfl_5 * ( log(egflt) - ( log(egflt(-1))))
          + y_egfl_6 *  xgap2
          + y_egfl_7 *  xgap2(-1)"
egfln,Identity,"Federal government employee compensation, current $",egfln - egfln_aerr = .01 * pgfl * egfl
egflt,Behavioral,"Federal government employee compensation, cw 2012$, trend","( log(egflt) - ( log(egflt(-1)))) - egflt_aerr
                    = y_egflt_1
                    + y_egflt_2 * log(.01*pgfl(-1)*egflt(-1)/xgdptn(-1))
                    + y_egflt_3 * (hggdpt+hggdpt(-1)+hggdpt(-2)+hggdpt(-3)) / 1600"
egse,Behavioral,"S&amp;L Government expenditures, CW 2012$","( log(egse) - ( log(egse(-1))))   - egse_aerr =
           y_egse_1
          + y_egse_2 * log(egse(-1)/egset(-1))
          + y_egse_3 *  ( log(egse(-1)) - ( log(egse(-2))))
          + y_egse_4 *  ( log(egse(-2)) - ( log(egse(-3))))
          + y_egse_5 * ( log(egset) - ( log(egset(-1))))
          + y_egse_6 *  xgap2
          + y_egse_7 *  xgap2(-1)"
egsen,Identity,"S&amp;L Government expenditures, current $",egsen - egsen_aerr = pegsr*pxp*egse*.01
egset,Behavioral,"S&amp;L Government expenditures, CW 2012$, Trend","( log(egset) - ( log(egset(-1)))) - egset_aerr  = y_egset_1
                    + y_egset_2 * log(.01*pegsr(-1)*pxp(-1)*egset(-1)/xgdptn(-1))
                    + y_egset_3 * (hggdpt+hggdpt(-1)+hggdpt(-2)+hggdpt(-3)) / 1600"
egsl,Behavioral,"S&amp;L government employee compensation, cw 2012$","( log(egsl) - ( log(egsl(-1))))   - egsl_aerr =
           y_egsl_1
          + y_egsl_2 * log(egsl(-1)/egslt(-1))
          + y_egsl_3 *  ( log(egsl(-1)) - ( log(egsl(-2))))
          + y_egsl_4 *  ( log(egsl(-2)) - ( log(egsl(-3))))
          + y_egsl_5 * ( log(egslt) - ( log(egslt(-1))))
          + y_egsl_6 *  xgap2
          + y_egsl_7 *  xgap2(-1)"
egsln,Identity,"S&amp;L government employee compensation, current $",egsln - egsln_aerr = .01 * pgsl * egsl
egslt,Behavioral,"S&amp;L government employee compensation, cw 2012$, trend","( log(egslt) - ( log(egslt(-1)))) - egslt_aerr
                    = y_egslt_1
                    + y_egslt_2 * log(.01*pgsl(-1)*egslt(-1)/xgdptn(-1))
                    + y_egslt_3 * (hggdpt+hggdpt(-1)+hggdpt(-2)+hggdpt(-3)) / 1600"
eh,Behavioral,"Residential investment expenditures, cw 2012$","(log(eh) - log(eh(-1)))  - eh_aerr =
           y_eh_1 * log(qeh(-1)/eh(-1))
          + y_eh_2 * (log(eh(-1)) - log(eh(-2)))
          + y_eh_3 * (log(eh(-2)) - log(eh(-3)))
          + y_eh_4 * zeh
          + y_eh_5 * (rme(-1) - (rme(-2)))
          + y_eh_6 * d83 * (rme(-1) - (rme(-2)))"
ehn,Identity,Residential investment expenditures,ehn - ehn_aerr = .01 * phr * pxp * eh
ei,Identity,"Change in private inventories, cw 2012$",ei - ei_aerr = 4*( ki - ( ki(-1)))
ein,Behavioral,"Change in business inventories, current $",ein - ein_aerr = .01*pxp*pkir*ei
em,Identity,"Imports of goods and services, cw 2012$","log(em) - em_aerr = log(em(-1))
                  + .5 * (emon/emn + emon(-1)/emn(-1)) * (log(emo) - (log(emo(-1))))
                  + .5 * (empn/emn + empn(-1)/emn(-1)) * (log(emp) - (log(emp(-1))))"
emn,Identity,"Imports of goods and services, current $",emn - emn_aerr = emon + empn
emo,Behavioral,"Imports of goods and services ex. petroleum, cw 2012$","(log(emo) - log(emo(-1)))  - emo_aerr =
           y_emo_1
          + y_emo_2 * log(emo(-1)*(pmo(-1)/100)/(uemot(-1)*xgdpn(-1)))
          + y_emo_3 * (xgap2-xgap2(-1))/100
          + y_emo_4 * (xgap2(-1)-xgap2(-2))/100
          + y_emo_5* log(ddockm)
          + y_emo_6 * (log(ddockm) - log(ddockm(-1)))"
emon,Identity,Imports of goods and services ex. petroleum,emon - emon_aerr = .01 * pmo * emo
emp,Behavioral,"Petroleum imports, cw 2012$","log(emp/xgdp) - emp_aerr = log(emptrt)
                           + y_emp_1*(log(pmp/pxb) - (log(pmp(-1)/pxb(-1))))
                           + y_emp_2*xgap2(-1)"
empn,Identity,"Petroleum imports, current $",empn - empn_aerr = .01*pmp*emp
emptrt,Exogenous,Oil imports to GDP ratio (Trend),
ex,Behavioral,"Exports of goods and services, cw 2012$","(log(ex) - log(ex(-1)))  - ex_aerr =
           y_ex_1
          + y_ex_2 * log(ex(-1)*(pxr(-1)*pxp(-1)*fpx(-1))/(fgdp(-1)*fpc(-1)))
          + y_ex_3 * (fxgap - fxgap(-1))/100
          + y_ex_4 * (fxgap(-1) - fxgap(-2))/100
          + y_ex_5 * ddockx"
exn,Identity,"Exports of goods and services, current $",exn - exn_aerr = .01*pxp*pxr*ex
fcbn,Identity,"US current account balance, current $",fcbn - fcbn_aerr = exn - emn + fynin + fcbrn
fcbrn,Identity,"US current account balance residual, current $",fcbrn - fcbrn_aerr = ufcbr*pxb*xbt/100
fgdp,Identity,"Foreign aggregate GDP (world, bilateral export weights)",fgdp - fgdp_aerr = fgdpt*exp(fxgap/100)
fgdpt,Behavioral,"Foreign aggregate GDP (world, bilateral export weights), trend","( log(fgdpt) - ( log(fgdpt(-1)))) - fgdpt_aerr
                    = y_fgdpt_1
                    + y_fgdpt_2 * log(fgdpt(-1)/xgdpt(-1))
                    + y_fgdpt_3 * (hggdpt+hggdpt(-1)+hggdpt(-2)+hggdpt(-3)) / 1600"
fnicn,Identity,"Gross stock of claims of US residents on the rest of the world, current $","(fnicn - (fnicn(-1)))/xgdptn - fnicn_aerr = .54 * ( log(fpc) - ( log(fpc(-1))))*fnicn(-1)/xgdptn
                                 - .67 * ( log(fpx) - ( log(fpx(-1))))*fnicn(-1)/xgdptn
                                 + rfnict"
fniln,Identity,"Gross stock of liabilities of US residents to the rest of the world, current $",fniln - fniln_aerr = fnicn - fnin
fnin,Identity,"Net stock of claims of US residents on the rest of the world, current $","( fnin - ( fnin(-1))) - fnin_aerr = .25*fcbn
                         + .54 * (( log(fpc) - ( log(fpc(-1)))) * fnicn(-1))
                         - .32 * (( log(pgdp) - ( log(pgdp(-1)))) * fniln(-1))
                         - .67 * (( log(fpx) - ( log(fpx(-1)))) * fnicn(-1))
                         + .06 * (( log(fpx) - ( log(fpx(-1)))) * fniln(-1))
                         + fnirn"
fnirn,Identity,"Net stock of claims of US residents on the rest of the world, residual",fnirn - fnirn_aerr = ufnir * xgdpn
fpc,Identity,"Foreign aggregate consumer price (G39, import/export trade weights)",fpc - fpc_aerr = fpc(-1)*exp(fpic/400)
fpi10,Behavioral,Foreign consumer price inflation (G10),"fpi10  - fpi10_aerr =
           y_fpi10_1 * ( ( fpi10(-1) +  fpi10(-2) +  fpi10(-3) +  fpi10(-4))  / 4 )
          + y_fpi10_2 * fpitrg
          + y_fpi10_3 * fxgap(-1)"
fpi10t,Behavioral,"Foreign consumer price inflation, trend (G10)","fpi10t-fpi10t_aerr = y_fpi10t_1 * fpi10t(-1)
                   + y_fpi10t_2 * fpi10"
fpic,Behavioral,"Foreign consumer price inflation (G39, bilateral export trade weights)","fpic  - fpic_aerr =
           y_fpic_1
          + y_fpic_2 * fpi10
          + y_fpic_3 * fpic(-1)"
fpitrg,Exogenous,Foreign target consumer price inflation (G10),
fpx,Identity,"Nominal exchange rate (G39, import/export trade weights)",fpx - fpx_aerr = fpxr*fpc/pcpi
fpxr,Behavioral,"Real exchange rate (G39, import/export trade weights)","log(fpxr) - fpxr_aerr - log(fpxrr) =
                         y_fpxr_1*(rg10-zpi10f-frl10+fpi10t)
                       + y_fpxr_2*(fnin/xgdpn)"
fpxrr,Behavioral,Real exchange rate residual,"( log(fpxrr) - ( log(fpxrr(-1))))   - fpxrr_aerr =
           y_fpxrr_1 * log(fpxrrt(-1)/fpxrr(-1))
          + y_fpxrr_2 * ( log(fpxrr(-1)) - ( log(fpxrr(-2)))) + (1
          -y_fpxrr_2) * ( log(fpxrrt) - ( log(fpxrrt(-1))))"
fpxrrt,Exogenous,"Real exchange rate residual, trend",
frl10,Behavioral,Foreign long-term interest rate (G10),"frl10 - frl10(-1)  - frl10_aerr =
           y_frl10_1
          + y_frl10_2 * (frl10(-1) - frs10(-1))
          + y_frl10_3 * (frl10(-1) - frl10(-2))
          + y_frl10_4 * (frs10 - frs10(-1))
          + y_frl10_5 * (fxgap - fxgap(-1))"
frs10,Behavioral,Foreign short-term interest rate (G10),"frs10 - frs10_aerr = dfmprr * (y_frs10_1
                   + y_frs10_2 * frstar(-1)
                   + y_frs10_3 * ( ( fpi10 +  fpi10(-1) +  fpi10(-2) +  fpi10(-3))  / 4)
                   + y_frs10_4 * ( ( fpi10 +  fpi10(-1) +  fpi10(-2) +  fpi10(-3))  / 4 - fpitrg)
                   + y_frs10_5 * fxgap)
                   + (1-dfmprr) * (rfrs10 +  ( fpi10 +  fpi10(-1) +  fpi10(-2) +  fpi10(-3))  / 4)"
frstar,Behavioral,Equilibrium real short-term interest rate used in foreign Taylor rule,"frstar - frstar_aerr = y_frstar_1 * frstar(-1)
                     + y_frstar_2 * (frs10 -  ( fpi10 +  fpi10(-1) +  fpi10(-2) +  fpi10(-3))  / 4)"
ftcin,Identity,"Corporate taxes paid to rest of world, current $",ftcin - ftcin_aerr = uftcin * ynicpn
fxgap,Behavioral,"Foreign output gap (world, bilateral export weights)","fxgap   - fxgap_aerr =
          + y_fxgap_1 *  fxgap(-1)
          + y_fxgap_2 *  fxgap(-2)
          + y_fxgap_3 * ((frs10(-1)-(fpi10(-1)+fpi10(-2)+fpi10(-3)+fpi10(-4))/4
          + frs10(-2)-(fpi10(-2)+fpi10(-3)+fpi10(-4)+fpi10(-5))/4
          + frs10(-3)-(fpi10(-3)+fpi10(-4)+fpi10(-5)+fpi10(-6))/4)/3 - frstar)
          + y_fxgap_4 * xgap2(-1)"
fynicn,Identity,"Gross investment income received from the rest of the world, current $",fynicn - fynicn_aerr = .01*rfynic*fnicn(-1)
fyniln,Identity,"Gross investment income paid to the rest of the world, current $",fyniln - fyniln_aerr = .01*rfynil*fniln(-1)
fynin,Identity,"Net investment income received from the rest of the world, current $",fynin - fynin_aerr = fynicn - fyniln
gfdbtnp,Identity,"Federal government debt stock held by the public, current $",gfdbtnp - gfdbtnp_aerr = ugfdbtp*(gfdbtnp(-1) - .25*gfsrpn)
gfdbtn,Identity,"Federal government debt stock, current $",gfdbtn - gfdbtn_aerr = ugfdbt*gfdbtnp
ugfdbtp,Exogenous,Federal government debt ratio,
ugfsrp,Behavioral,"Federal Government budget surplus, residual",ugfsrp - ugfsrp_aerr = y_ugfsrp_1*(1-y_ugfsrp_2) + y_ugfsrp_2*ugfsrp(-1)
uleg,Behavioral,Multiplicative factor for government civilian employment,log(uleg) - uleg_aerr = log(uleg(-1)) - .1*(leg(-1)/lep(-1)-adjlegrt)
gfdrt,Exogenous,Federal government target debt-to-GDP ratio,
gfexpn,Identity,Government payments,gfexpn - gfexpn_aerr = egfln + egfen + gtn + gfintn
gfintn,Identity,"Federal government net interest payments, current $",gfintn - gfintn_aerr = rgfint*gfdbtn(-1)
gfrecn,Identity,Government receipts and residual,gfrecn - gfrecn_aerr = tpn + tcin + ugfsrp*xgdpn
gfsrpn,Identity,"Federal government budget surplus, current $","gfsrpn - gfsrpn_aerr = tpn + tcin
                   - egfln - egfen - gtn - gfintn
                   + ugfsrp*xgdpn"
gfsrt,Exogenous,Federal government target surplus-to-GDP ratio,
gtn,Behavioral,"Federal government net transfer payments, current $",gtn - gtn_aerr = .01*pgdp*gtr
gtr,Behavioral,"Government net transfer payments, deflated by PGDP",gtr - gtr_aerr = (gtrd+gtrt)*xgdpt
gtrd,Behavioral,Deviation of ratio of government transfers to GDP from trend ratio,"gtrd - gtrd_aerr = y_gtrd_2*xgap2
           + y_gtrd_3* (xgap2(-1) +xgap2(-2) +xgap2(-3) +xgap2(-4))/4 + y_gtrd_1*(gtrd(-1)
           - y_gtrd_2*xgap2(-1) - y_gtrd_3*(xgap2(-2) +xgap2(-3) +xgap2(-4) +xgap2(-5))/4 )"
gtrt,Exogenous,"Government, trend ratio of transfer payments to GDP",
hgemp,Behavioral,"Petroleum imports, cw 2012$, trend growth rate","hgemp - hgemp_aerr = y_hgemp_1 * hgemp(-1)
                   + y_hgemp_2 * 400*log(emp/emp(-1))"
hggdp,Identity,"Growth rate of GDP, cw 2012$ (annual rate)",hggdp - hggdp_aerr = 400*( log(xgdp) - ( log(xgdp(-1))))
hggdpt,Identity,"Trend growth rate of XGDP, cw 2012$ (annual rate)",hggdpt - hggdpt_aerr = hxbt + huxb
hgpbfir,Identity,Trend growth rate of price of business investment (relative to PXB),"hgpbfir - hgpbfir_aerr = .975*hgpbfir(-1)
                       + .025*400*(log(pbfir*pxp/pxb / (pbfir(-1)*pxp(-1)/pxb(-1))))"
hgpcdr,Exogenous,Trend growth rate of price of consumer durable goods (relative to PCNIA),
hgpkir,Behavioral,Trend growth rate of PKIR,"hgpkir - hgpkir_aerr = y_hgpkir_1 * hgpkir(-1)
                     + y_hgpkir_2 * 400*log(pkir/pkir(-1))"
hgynid,Identity,Growth rate of real after-tax corporate profits,hgynid - hgynid_aerr = 400*( log((ynicpn-tcin)*.5/pxb) - ( log((ynicpn(-1)-tcin(-1))*.5/pxb(-1))))
hks,Behavioral,"Growth rate of KS, cw 2012$ (compound annual rate)","hks - hks_aerr = 400 * (ykbfin * ( log(kbfi) - ( log(kbfi(-1))))
                     +  ykin * ( log(ki) - ( log(ki(-1))))) /
                     (ykbfin + ykin) + hksr"
hksr,Exogenous,Residual growth of capital services,
hlept,Behavioral,Trend growth rate of LEP (annual rate),hlept - hlept_aerr = 400*hqlfpr + 400*( log(n16) - ( log(n16(-1))))
hlprdt,Identity,Trend growth rate of output per hour,hlprdt - hlprdt_aerr = hxbt - hlept - hqlww
hmfpt,Behavioral,Trend growth rate of multifactor productivity,hmfpt - hmfpt_aerr = y_hmfpt_1 + y_hmfpt_2*hmfpt(-1)
hqlfpr,Behavioral,Drift component of change in QLFPR,hqlfpr - hqlfpr_aerr = y_hqlfpr_1 + y_hqlfpr_2*hqlfpr(-1)
hqlww,Behavioral,Trend growth rate of workweek,hqlww - hqlww_aerr = y_hqlww_1 * hqlww(-1) + (1-y_hqlww_1) * y_hqlww_2
huqpct,Behavioral,Drift term in stochastic component of trend ratio of PCNIA to PXP,huqpct - huqpct_aerr = y_huqpct_1 + y_huqpct_2*huqpct(-1)
huxb,Behavioral,Drift term in UXBT,"huxb  - huxb_aerr = (1-dglprd)*
          (y_huxb_1
          + y_huxb_2*huxb(-1))"
hxbt,Identity,"Trend rate of growth of XB  , cw 2012$ (annual rate)","hxbt - hxbt_aerr =  .725*(hlept + hqlww + 400*( log(lqualt) - ( log(lqualt(-1)))))
                  + .275*hks + hmfpt +hxbtr"
hxbtr,Behavioral,Residual Factor (Trend rate of growth of XB),hxbtr - hxbtr_aerr = 0
jccan,Behavioral,"Consumption of fixed capital, current $","jccan/xgdpn - jccan_aerr = y_jccan_1*(1-y_jccan_2)
	 + y_jccan_2*jccan(-1)/xgdpn(-1)
	 + (1-y_jccan_2)*pkbfir(-1)*kbfi(-1)*jrbfi*pxp(-1)*.01/xgdpn(-1)"
jkcd,Identity,"Consumption of fixed capital, consumer durables",jkcd - jkcd_aerr = jrcd * kcd(-1)
jrbfi,Exogenous,"Depreciation rate, business investment",
jrcd,Exogenous,"Depreciation rate, consumer durables",
jrh,Exogenous,"Depreciation rate, housing",
kbfi,Identity,"Capital stock - BFI, 2012$",kbfi - kbfi_aerr = (pbfir/pkbfir)*ebfi/4 + (1-jrbfi/4) * kbfi(-1)
kcd,Identity,"Stock of consumer durables, cw 2012$",kcd - kcd_aerr = .25*ecd + (1-jrcd/4)*kcd(-1)
kh,Identity,"Stock of residential structures, cw 2012$",kh - kh_aerr = .25*eh + (1-jrh/4)*kh(-1)
ki,Behavioral,"Stock of private inventories, cw 2012$","(log(ki) - log(ki(-1))) - ki_aerr =
           y_ki_5
          + y_ki_1*(log(qkir) - log(ki(-1)/xfs(-1)))
          + y_ki_2*((log(ki(-1)) - log(ki(-2)))
          -y_ki_5)
          + y_ki_3*(log(xfs(-1)) - log(xfs(-2)))
          + y_ki_4*(log(xfs(-2)) - log(xfs(-3)))"
ks,Identity,"Capital services, 2012$",log(ks) - ks_aerr = log(ks(-1)) + hks/400
leg,Identity,Government civilian employment ex. gov. enterprise,log(leg) - leg_aerr = log(uleg) + log(egfl+egsl) - log(lprdt)
leh,Identity,Civilian employment (break adjusted),leh - leh_aerr = lep + leg + leo
leo,Behavioral,"Difference between household and business sector payroll employment, less government employment","log(leo)  - leo_aerr = log(qleor*qlf)
          +  y_leo_1 * log(leo(-1)/(qleor(-1)*qlf(-1)))
          +  y_leo_2 * xgap2(-1)"
lep,Identity,Employment in  business sector (employee and  self-employed),lep - lep_aerr = lhp / lww
leppot,Identity,Potential employment in  business sector,leppot - leppot_aerr = (qlf*(1-.01*lurnat - qleor))/(1+adjlegrt)
leuc,Exogenous,Emergency unemployment compensation (EUC),
lf,Identity,Civilian labor force (break adjusted),lf - lf_aerr = lfpr * n16
lfpr,Behavioral,Labor force participation rate,"(lfpr - (lfpr(-1)))-hqlfpr  - lfpr_aerr =
           y_lfpr_1*(qlfpr(-1)-lfpr(-1))
          + y_lfpr_2*(lur(-1)-lurnat(-1))"
lhp,Behavioral,"Aggregate labor hours,  business sector (employee and  self-employed)","(log(lhp) - log(lhp(-1)))  - lhp_aerr =
           y_lhp_1 * (log(qlhp(-1)/lhp(-1)))
          + y_lhp_2 * (log(lhp(-1)) - log(lhp(-2)))
          + y_lhp_3 * zlhp
          + y_lhp_4 * ((log(xbo) - log(xbo(-1))) - hlprdt(-1)/400 )
          + y_lhp_5 * ((log(xbo(-1)) - log(xbo(-2))) - hlprdt(-2)/400)"
lprdt,Identity,Trend labor productivity,log(lprdt) - lprdt_aerr  = log(xbt) - log(leppot) - log(qlww)
lqualt,Exogenous,"Labor quality, trend level",
lur,Behavioral,Civilian unemployment rate (break adjusted),lur - lur_aerr = 100*(1 - leh/lf)
lurnat,Behavioral,Natural rate of unemployment,lurnat - lurnat_aerr = lurnat(-1)
lurtrsh,Exogenous,Unemployment threshold,
lww,Behavioral,"Workweek,  business sector (employee and self-employed)","(log(lww) - log(lww(-1)))-hqlww/400  - lww_aerr =
           y_lww_1*log(qlww(-1)/lww(-1))
          + y_lww_2*((log(lhp) - log(lhp(-1)))-(hlept+hqlww)/400)"
mei,Behavioral,Multiplicative discrepancy for the difference between XGDI and XGDO,log(mei) - mei_aerr = y_mei_1 * log(mei(-1))
mep,Behavioral,Multiplicative discrepancy for the difference between XGDP and XGDO,log(mep) - mep_aerr = y_mep_1 * log(mep(-1))
mfpt,Behavioral,"Multifactor productivity, trend level",log(mfpt) - mfpt_aerr = y_mfpt_1 + log(mfpt(-1)) + hmfpt/400
n16,Exogenous,"Noninstitutional population, aged 16 and over (break adjusted)",
pbfir,Behavioral,Price level of BFI compared to PXP,log(pbfir) - pbfir_aerr =  log(pbfir(-1)) + pipxnc/400 + dpadj - (log(pxp) - (log(pxp(-1))))
pcdr,Behavioral,"Price index for consumer durables, cw (relative to to PCNIA)","(log(pcdr) - (log(pcdr(-1))))  - pcdr_aerr =
           y_pcdr_1
          + y_pcdr_2*(log(pcdr(-1)) - (log(pcdr(-2))))"
pcer,Behavioral,Price index for personal consumption expenditures on energy (relative to PCXFE),"( log(pcer) - ( log(pcer(-1))))  - pcer_aerr =
           y_pcer_1 * (log(pmp/pcxfe) - (log(pmp(-1)/pcxfe(-1))))"
pcfr,Behavioral,Price index for personal consumption expenditures on food (relative to PCXFE),"( log(pcfr) - ( log(pcfr(-1))))   - pcfr_aerr =
           y_pcfr_1 * log(pcfr(-1)/pcfrt(-1))
          + y_pcfr_2
          + y_pcfr_3 *  ( log(pcfr(-1)) - ( log(pcfr(-2))))
          + y_pcfr_4 *  ( log(pcfr(-2)) - ( log(pcfr(-3))))
          + y_pcfr_5 *  ( log(pcfr(-3)) - ( log(pcfr(-4))))
          + y_pcfr_6 * ( log(pcfrt) - ( log(pcfrt(-1))))"
pcfrt,Exogenous,"Real PCE price of food, trend",
pchr,Behavioral,"Price index for housing services, cw (relative to to PCNIA)","(log(pchr) - (log(pchr(-1))))  - pchr_aerr =
           y_pchr_1
          + y_pchr_2*(log(pchr(-1)) - (log(pchr(-2))))"
pcnia,Identity,"Price index for personal consumption expenditures, cw (NIPA definition)",( log(pcnia) - ( log(pcnia(-1)))) - pcnia_aerr = picnia / 400
pcor,Behavioral,"Price index for non-durable goods and non-housing services, cw (relative to to PCNIA","log(pcor)  - pcor_aerr = log(pcor(-1))
          + y_pcor_1*log(pcdr/pcdr(-1))
          + y_pcor_2*log(pchr/pchr(-1))"
pcpi,Identity,"Consumer price index,total",pcpi - pcpi_aerr = upcpi * pcnia
pcpix,Identity,"Consumer price index,excluding food and energy",pcpix - pcpix_aerr = upcpix * pcxfe
pcstar,Exogenous,Target consumption price level (used in RFFGEN policy rule),
pcxfe,Behavioral,"Price index for personal consumption expendits ex. food and energy, cw (NIPA definit",(log(pcxfe) - (log(pcxfe(-1)))) - pcxfe_aerr = picxfe/400
pegfr,Behavioral,"Price index for federal government expenditures, CW (relative to PXP)","log(pegfr) - pegfr_aerr - log(pegfr(-1)) =  pipxnc/400
                                         + dpadj - (log(pxp) - (log(pxp(-1))))"
pegsr,Behavioral,"Price index for S&amp;L government expenditures, CW (relative to PXP)","log(pegsr) - pegsr_aerr =  log(pegsr(-1)) + pipxnc/400
                        + dpadj - (log(pxp) - (log(pxp(-1))))"
pgdp,Identity,"Price index for GDP, cw",pgdp - pgdp_aerr = 100*xgdpn/xgdp
pgfl,Identity,"Price index for federal government employee compensation, cw",log(pgfl) - pgfl_aerr = log(upgfl)+log(pl)-log(lprdt)
pgsl,Identity,"Price index for S&amp;L government employee compensation, cw",log(pgsl) - pgsl_aerr = log(upgsl)+log(pl)-log(lprdt)
phouse,Behavioral,Loan Performance House Price Index,"(log(phouse) - log(phouse(-1)))  - phouse_aerr =
           y_phouse_1
          + y_phouse_2*(log(phouse(-1)) - log(phouse(-2)))
          + y_phouse_3*log(phouse(-1)/(pchr(-1)*pcnia(-1)))"
phr,Behavioral,"Price index for residential investment, cw (relative to PXP)",log(phr) - phr_aerr - log(phr(-1)) = y_phr_1 + pipxnc/400 + dpadj - (log(pxp) - (log(pxp(-1))))
pic4,Identity,Four-quarter percent change in PCE prices,pic4 - pic4_aerr = 100*(pcnia/pcnia(-4) - 1)
picnia,Behavioral,"Inflation rate, personal consumption expenditures, cw","picnia  - picnia_aerr = picxfe
          + y_picnia_1*400*(log(pcer)-log(pcer(-1)))
          + y_picnia_2*400*(log(pcfr)-log(pcfr(-1)))"
picx4,Identity,Four-quarter percent change core in PCE prices,picx4 - picx4_aerr = 100*(pcxfe/pcxfe(-4) - 1)
picxfe,Behavioral,"Inflation rate, personal consumption expenditures, ex. food and energy, cw","picxfe - picxfe_aerr = (y_picxfe_1*picxfe(-1)
                     + y_picxfe_3*zpicxfe
                     + (1-y_picxfe_3)*(1-y_picxfe_1)*ptr(-1)
                     + y_picxfe_2*400*log(qpcnia(-1)/pcnia(-1))) / (1+y_picxfe_1*y_picxfe_3)"
pieci,Behavioral,Annualized rate of growth of EI hourly compensation,"pieci - pieci_aerr = (.25*y_pieci_1*((1-y_pieci_4)*(pieci(-1)+pieci(-2)+pieci(-3)) + pieci(-4))
                     + y_pieci_4*zpieci
                     + (1-y_pieci_4)*(1-y_pieci_1)*(ptr(-1) + hlprdt(-1) - 400*huqpct(-1))
                     + y_pieci_2*(lur(-1)-lurnat(-1))
                     + y_pieci_3*400*log(qpl(-1)/pl(-1))) / (1+.25*y_pieci_1*y_pieci_4)"
pigdp,Identity,"Inflation rate, GDP, cw",pigdp - pigdp_aerr = 400*( log(pgdp) - ( log(pgdp(-1))))
pipl,Behavioral,Rate of growth of PL,pipl - pipl_aerr = pieci
pipxnc,Behavioral,"Inflation rate, price of adjusted final sales excluding consumption (annual rate)","pipxnc - pipxnc_aerr =
          picnia - 1.99 * 400 * huqpct+ y_pipxnc_1 * (pipxnc(-1) - picnia(-1) + 1.99 * 400 *  huqpct(-1))
          + y_pipxnc_2 * (pipxnc(-2) - picnia(-2) + 1.99 * 400 *  huqpct(-2))
          + y_pipxnc_3 * y_pipxnc_4 * 400 * (log(fpxr) - log(fpxr(-1)))+ .025*400*log(qpxnc(-1)/pxnc(-1))"
pitarg,Exogenous,Target rate of consumption price inflation (used in policy reaction functions),
pitrsh,Exogenous,Inflation threshold,
pkbfir,Identity,Ratio of price of BFI stock (KBFI) to PXP,pkbfir - pkbfir_aerr = upkbfir * pbfir
pkir,Exogenous,"Price index for stock of inventories, cw (relative to PXP)",
pl,Identity,"Compensation per hour,  business",log(pl) - pl_aerr = log(pl(-1)) + pipl/400
pmo,Behavioral,"Price index for imports ex. petroleum, cw","(log(pmo) - log(pmo(-1)))  - pmo_aerr =
           y_pmo_1
          + y_pmo_2 * (log(qpmo) + .64*log(fpc(-1)/fpx(-1)) + .36*log(pxb(-1)) - log(pmo(-1)))
          + y_pmo_3 * (log(fpc/fpx) - log(fpc(-1)/fpx(-1))) + (1
          -y_pmo_3) * (log(pxb) - log(pxb(-1)))"
pmp,Identity,Price index for petroleum imports,pmp - pmp_aerr = upmp*poil
poil,Identity,Price of imported oil ($ per barrel),poil - poil_aerr = poilr*pxb
poilr,Behavioral,"Price of imported oil, relative to price index for bus. sector output","(log(poilr) - log(poilr(-1)))  - poilr_aerr =
           y_poilr_1 * log(poilr(-1)/poilrt(-1))
          + y_poilr_2
          + y_poilr_3 * ( log(poilr(-1)) - ( log(poilr(-2))))
          + y_poilr_4 * ( log(poilrt) - ( log(poilrt(-1))))"
poilrt,Exogenous,"Price of imported oil, relative to price index for bus. sector output, trend",
ptr,Behavioral,10-year expected PCE price inflation (Survey of Professional Forecasters),ptr - ptr_aerr = y_ptr_1*ptr(-1) + y_ptr_2*picxfe(-1)+ y_ptr_3*pitarg(-1)
pwstar,Exogenous,Equilibrium business price markup,
pxb,Identity,Price index for business output,pxb - pxb_aerr = upxb*pgdp
pxnc,Behavioral,Price of adjusted final sales excluding consumption,( log(pxnc) - ( log(pxnc(-1)))) - pxnc_aerr = pipxnc/400
pxp,Behavioral,Price index for final sales plus imports less gov. labor,"log(pxp)   - pxp_aerr = log(pxp(-1))
          +y_pxp_1*log(pcnia/pcnia(-1))
          +y_pxp_2*log(pxnc/pxnc(-1))"
pxr,Behavioral,"Price index for exports, cw (relative to PXP)",log(pxr) - pxr_aerr - log(pxr(-1)) = y_pxr_1 + pipxnc/400 + dpadj - (log(pxp) - (log(pxp(-1))))
qebfi,Identity,Desired level of investment in business investment,qebfi - qebfi_aerr = xb*vbfi*(hxbt/100 -.01*hgpbfir+jrbfi)
qec,Identity,Desired level of consumption (FRBUS definition),"log(qec)  - qec_aerr =
           y_qec_1
          + y_qec_2*log(zyh-zyht-zyhp)
          + y_qec_3*log(zyht) + (1
          -y_qec_2
          -y_qec_3
          -y_qec_4)*log(zyhp)
          + y_qec_4*log(wpo+wps)"
qecd,Identity,"Target level of consumption of durable goods, trending component","qecd  - qecd_aerr = qec*(jrcd/4 + (hggdpt+hggdpt(-1)+hggdpt(-2)+hggdpt(-3)+hggdpt(-4)+hggdpt(-5)+hggdpt(-6)+hggdpt(-7)) /8 / 400
          + y_qecd_1*hgpcdr/400)*exp
          (y_qecd_2
          + y_qecd_3*(log(pcdr) + log(rccd)))"
qeco,Identity,Desired level of consumption of nondurable goods and nonhousing services,"log(qeco)  - qeco_aerr =
           y_qeco_1 + log(qec) - log(pcor)"
qeh,Identity,Target level of residential investment,"qeh  - qeh_aerr = qec
      * (jrh/4 +
      ((hggdpt+hggdpt(-1)+hggdpt(-2)+hggdpt(-3)+hggdpt(-4)+hggdpt(-5)+hggdpt(-6)+hggdpt(-7)+hggdpt(-8)+hggdpt(-9)+hggdpt(-10)+hggdpt(-11)+hggdpt(-12)+hggdpt(-13)+hggdpt(-14)+hggdpt(-15)) /16) / 400)
      * exp
          (y_qeh_1 - log(phr*pxp/pcnia)
          + y_qeh_2*log(rcch))"
qkir,Behavioral,Desired Inventory Sales Ratio,log(qkir) - qkir_aerr = (1-dglprd)*y_qkir_1 + log(qkir(-1))
qleor,Exogenous,Desired ratio of employment discrepancy to the labor force,
qlf,Identity,Desired level of civilian labor force,qlf - qlf_aerr = qlfpr * n16
qlfpr,Identity,Trend labor force participation rate,qlfpr - qlfpr_aerr = qlfpr(-1) + hqlfpr
qlhp,Identity,Desired level of  business labor hours,qlhp - qlhp_aerr = xbo/lprdt
qlww,Identity,"Trend workweek,  business sector (employee and  self-employed)",log(qlww) - qlww_aerr = log(qlww(-1)) + hqlww(-1)/400
qpcnia,Identity,Desired level of consumption price,log(qpcnia) - qpcnia_aerr = log(qpxp) + log(uqpct)
qpl,Identity,"Desired level of compensation per hour, trending component",log(qpl) - qpl_aerr = log(pl) + y_qpl_1 * log(pxb/qpxb)
qpmo,Behavioral,Random walk component of non-oil import prices,log(qpmo) - qpmo_aerr = log(qpmo(-1)) + y_qpmo_1
qpxb,Identity,"Desired price level of private output ex. energy, housing, and farm",log(qpxb) - qpxb_aerr = log(pwstar) + y_qpxb_1 + y_qpxb_2*log(pl/lprdt)
qpxnc,Identity,Desired level of nonconsumption price,"log(qpxnc) - qpxnc_aerr = log(pxnc)
                        + y_qpxnc_1 * log(qpxp/pxp)
                        + y_qpxnc_2 * log(qpcnia/pcnia)"
qpxp,Identity,Desired price level of adjusted final sales,qpxp - qpxp_aerr = 100*(xpn + (.01*qpxb*xb-xbn))/xp
qynidn,Identity,Desired level of dividends,"log(qynidn)   - qynidn_aerr =
           y_qynidn_1
          + y_qynidn_2*d79a
          + y_qynidn_3*log((max((ynicpn-tcin),(.01))))"
rbbb,Identity,S&amp;P BBB corporate bond rate,rbbb - rbbb_aerr = rbbbp + rg10
rbbbp,Behavioral,"S&amp;P BBB corporate bond rate, risk/term premium","rbbbp  - rbbbp_aerr =
           y_rbbbp_1
          + y_rbbbp_2*zgap10
          + y_rbbbp_3*( rbbbp(-1)
          - y_rbbbp_1
          - y_rbbbp_2*zgap10(-1))"
rbfi,Identity,After-tax real financial cost of capital for business investment,"rbfi - rbfi_aerr = 0.5*(7.2 + (1-trfcim)*(rg5 + rbbb- rg10) - zpib5)
                 + 0.5*req"
rcar,Behavioral,New car loan rate at finance companies,"rcar  - rcar_aerr =
           y_rcar_1
          + y_rcar_2 * d79a
          + y_rcar_3 * ((1-d79a)*t47)
          + y_rcar_4 * rcar(-1)
          + y_rcar_5 * rg5
          + y_rcar_6 * rg5(-1)"
rccd,Identity,Cost of capital for consumer durables,"rccd - rccd_aerr = (max((100*jrcd + rcar - zpi5),( .01)))"
rcch,Identity,Cost of capital for residential investment,"rcch - rcch_aerr = (max((100*jrh + (1-trfpm/100)*(rme+100*trspp) - zpi10),( .1)))"
rcgain,Behavioral,Rate of capital gain on the non-equity portion of household wealth,"rcgain  - rcgain_aerr = picx4
          + y_rcgain_1
          + y_rcgain_2*xgap2
          + y_rcgain_3*(rcgain(-1) - picx4(-1)
          - y_rcgain_4
          - y_rcgain_5*xgap2)"
req,Identity,Real expected rate of return on equity,req - req_aerr = rg30 - zpic30 + reqp
reqp,Behavioral,"Real expected rate of return on equity, premium component","reqp  - reqp_aerr =
           y_reqp_1
          + y_reqp_2 * rbbbp
          + y_reqp_3*( reqp(-1)
          - y_reqp_1
          - y_reqp_2* rbbbp(-1) )"
rff,Behavioral,Federal funds rate,"rff - rff_aerr = (1-dmptrsh) * (max((rffrule),( rffmin)))
      + dmptrsh * (max(((dmptr(-1)*rffrule + (1-dmptr(-1))*rffmin)),( rffmin)))"
rffalt,Behavioral,Value of eff. federal funds rate given by estimated policy rule,"rffalt - rffalt_aerr = y_rffalt_1
                     + y_rffalt_2 * rff(-1)
                     + y_rffalt_3 * rff(-2)
                     + y_rffalt_4 * xgap2
                     + y_rffalt_5 * xgap2(-1)
                     + y_rffalt_6 * ( ( picxfe +  picxfe(-1) +  picxfe(-2) +  picxfe(-3))  / 4 )"
rfffix,Exogenous,"Federal funds rate given by fixed, pre-determined funds rate path",
rffintay,Behavioral,Value of eff. federal funds rate given by the inertial Taylor rule,"rffintay - rffintay_aerr = y_rffintay_3 * rff(-1)
                     + (1-y_rffintay_3) * (rstar
                     +  ( picxfe +  picxfe(-1) +  picxfe(-2) +  picxfe(-3))  / 4
                     + y_rffintay_1 * ( ( picxfe +  picxfe(-1) +  picxfe(-2) +  picxfe(-3))  / 4 -pitarg)
                     + y_rffintay_2 * xgap2)"
rffmin,Exogenous,Minimum nominal funds rate (set at 0 to impose zero lower bound),
rffrule,Behavioral,Federal funds rate,"rffrule - rffrule_aerr =  dmpex * rfffix
                       + dmprr  * (rrfix +  ( picxfe +  picxfe(-1) +  picxfe(-2) +  picxfe(-3))  / 4 )
                       + dmptay * rfftay
                       + dmptlr * rfftlr
                       + dmpintay * rffintay
                       + dmpalt * rffalt"
rfftay,Behavioral,Value of eff. federal funds rate given by the Taylor rule with output gap,"rfftay - rfftay_aerr = rstar
                     +  ( picxfe +  picxfe(-1) +  picxfe(-2) +  picxfe(-3))  / 4
                     + y_rfftay_1 * ( ( picxfe +  picxfe(-1) +  picxfe(-2) +  picxfe(-3))  / 4 -pitarg)
                     + y_rfftay_2 * xgap2"
rfftlr,Behavioral,Value of eff. federal funds rate given by the Taylor rule with unemployment gap,"rfftlr - rfftlr_aerr = rstar
                       + y_rfftlr_1 * pitarg
                       + y_rfftlr_2 * ( ( picxfe +  picxfe(-1) +  picxfe(-2) +  picxfe(-3)) )
                       + y_rfftlr_3 * (lurnat + deuc * leuc - lur)"
rfnict,Exogenous,Residual in FNICN equation,
rfrs10,Exogenous,Real foreign short-term interest rate,
rfynic,Behavioral,Average yield earned on gross claims of US residents on the rest of the world,"(rfynic - (rfynic(-1)))  - rfynic_aerr =
           y_rfynic_1
          + y_rfynic_2 * (rfynic(-1) - rfynil(-1))
          + y_rfynic_3 * (rfynic(-1) - (rfynic(-2)))
          + y_rfynic_4 * (rfynil - (rfynil(-1)))"
rfynil,Behavioral,Average yield earned on liabilities of US residents on the rest of the world,"(rfynil - (rfynil(-1)))  - rfynil_aerr =
           y_rfynil_1
          + y_rfynil_2 * rfynil(-1)
          + y_rfynil_3 * rg10(-1)
          + y_rfynil_4 * rtb(-1)
          + y_rfynil_5 * reqp(-1)
          + y_rfynil_6 * (rfynil(-1) - (rfynil(-2)))
          + y_rfynil_7 * (rg10 - (rg10(-1)))
          + y_rfynil_8 * (rtb - (rtb(-1)))
          + y_rfynil_9 * (reqp - (reqp(-1)))"
rg10,Identity,10-year Treasury bond rate,rg10 - rg10_aerr = zrff10 + rg10p
rg10p,Behavioral,"10-year Treasury bond rate, term premium","rg10p  - rg10p_aerr =
            y_rg10p_1
          + y_rg10p_2 * zgap10
          + y_rg10p_3 * d8095
          + y_rg10p_4 * (rg10p(-1)
          - y_rg10p_1
          - y_rg10p_2*zgap10(-1)
          - y_rg10p_3*d8095(-1))"
rg30,Identity,30-year Treasury bond rate,rg30 - rg30_aerr = zrff30 + rg30p
rg30p,Behavioral,"30-year Treasury bond rate, term premium","rg30p  - rg30p_aerr =
            y_rg30p_1
          + y_rg30p_2 * zgap30
          + y_rg30p_3 * d8095
          + y_rg30p_4 * (rg30p(-1)
          - y_rg30p_1
          - y_rg30p_2*zgap30(-1)
          - y_rg30p_3*d8095(-1))"
rg5,Identity,5-year Treasury note rate,rg5 - rg5_aerr = zrff5 + rg5p
rg5p,Behavioral,5-year Treasury note rate. term premium,"rg5p  - rg5p_aerr =
            y_rg5p_1
          + y_rg5p_2 * zgap05
          + y_rg5p_3 * (rg5p(-1)
          - y_rg5p_1
          - y_rg5p_2*zgap05(-1))"
rgfint,Behavioral,Average rate of interest on existing federal debt,"rgfint  - rgfint_aerr =
          (y_rgfint_1*rgfint(-1)+.14*rgw(-1))*gfdbtn(-2)/gfdbtn(-1) + rgw(-1)*(1-gfdbtn(-2)/gfdbtn(-1))
          + y_rgfint_2"
rgw,Identity,Approximate average rate of interest on new federal debt,"rgw - rgw_aerr = y_rgw_1 * rtb
               + y_rgw_2 * rg5
               + y_rgw_3 * rg10
               + y_rgw_4 * rg30"
rme,Behavioral,Interest rate on conventional mortgages,"(rme - rme(-1))  - rme_aerr =
          y_rme_1
          + y_rme_2 * (rg10 - rg10(-1))
          + y_rme_3 *  d87 * (rg10 - rg10(-1))
          + y_rme_4 *  (rg10(-1)-rme(-1))
          + y_rme_5 * d87 * (rg10(-1)-rme(-1))"
rrff,Identity,Real federal funds rate,rrff - rrff_aerr = rff -  ( picxfe +  picxfe(-1) +  picxfe(-2) +  picxfe(-3))  / 4
rrfix,Exogenous,"Real federal funds rate given by fixed, pre-determined real funds rate path",
rrtr,Behavioral,Expected long-run real federal funds rate,"rrtr - rrtr_aerr = y_rrtr_1 * rrtr(-1)
                 + y_rrtr_2 * rrff"
rspnia,Identity,Personal saving rate,rspnia - rspnia_aerr =  100 * yhsn / ydn
rstar,Behavioral,Equilibrium real federal funds rate (for monetary policy reaction functions),"rstar - rstar_aerr = rstar(-1)
                   + y_rstar_1 * ((rrff-rstar(-1))*drstar)"
rtb,Identity,3-month Treasury bill rate,"rtb  - rtb_aerr =
           y_rtb_1
          + y_rtb_2 *  rtb(-1)
          + y_rtb_3 *  rtb(-2)
          + y_rtb_4 *  rff
          + y_rtb_5 *  rff(-1)"
rtbfi,Identity,User cost of capital for business investment,"rtbfi - rtbfi_aerr = (.01*rbfi + jrbfi - .01*hgpbfir)
                   * ((1-.01*tritc-trfcim*(1-tapddp*.01*tritc)*tdpv)/(1-trfcim))
                   * (pkbfir*pxp/pxb)"
rtinv,Identity,User cost of capital for inventories,"rtinv - rtinv_aerr = (.01*rbfi - .01*hgpkir)
                   * ( ( pxp*pkir +  pxp(-1)*pkir(-1)) /2)/pxb"
rtr,Identity,Expected federal funds rate in the long run (Blue Chip),rtr - rtr_aerr = rrtr + ptr
t47,Exogenous,"Time trend, begins in 1947q1 (0 before)",
tapddp,Exogenous,Proportion of investment tax credit deducted from depr. base,
tcin,Identity,"Government corporate income tax accruals, current $",tcin - tcin_aerr = trci * ynicpn
tdpv,Exogenous,"Present value of depreciation allowances, BFI",
tpn,Identity,"Government personal income tax and non-tax receipts, current $",tpn - tpn_aerr = trp * (ypn - gtn)
trci,Behavioral,Average government corporate income tax rate,"trci  - trci_aerr = trcit + y_trci_2*xgap2
            + y_trci_1*(trci(-1)-trcit(-1) - y_trci_2*xgap2(-1))"
trcit,Exogenous,"Government corporate income tax rate, trend",
trfcim,Exogenous,Marginal federal corporate income tax rate,
trfpm,Exogenous,Marginal federal personal income tax rate (at twice median family income),
tritc,Exogenous,Investment tax credit for business investment,
trp,Behavioral,Average government tax rate for personal income tax and non-tax receipts,"trp  - trp_aerr = y_trp_1 * trpt
          + y_trp_2 *  (trp(-1)-trpt(-1))
          + y_trp_3 *  (trp(-2)-trpt(-2))
          + y_trp_4 * xgap2"
trpt,Behavioral,"Average government tax rate for personal income tax, trend","trpt - trpt_aerr = dfpex * trptx
                  + dfpdbt * ( trpt(-1)
                  + y_trpt_1 * (gfdbtnp(-1)/xgdpn(-1) - gfdrt(-1))
                  + y_trpt_2 * ( gfdbtnp(-1)/xgdpn(-1) - gfdrt(-1) - ( gfdbtnp(-2)/xgdpn(-2) - gfdrt(-2))) )
                  + dfpsrp * ( trpt(-1)
                  + y_trpt_3 * ((gfsrpn(-1)/xgdpn(-1))
                               - (gfsrt(-1)+0.0075*xgap2(-1))))"
trptx,Exogenous,"Average tax rate for personal income tax, trend, policy setting",
trspp,Exogenous,Marginal S&amp;L tax rate on personal property,
tryh,Identity,Average tax rate on household income,tryh - tryh_aerr = (tpn)/(yhln+yhptn)
uemot,Exogenous,Trend in ratio of EMON to XGDEN,
ufcbr,Exogenous,Multiplicative factor in FCBRN identity,
ufnir,Exogenous,Multiplicative factor in FNIRN identity,
uftcin,Exogenous,Multiplicative factor in FTCIN identity,
ugfdbt,Exogenous,Multiplicative factor in GFDBTN identity,
upcpi,Exogenous,Multiplicative factor in PCPI identity,
upcpix,Exogenous,Multiplicative factor in PCPIX identity,
upgfl,Exogenous,Multiplicative factor in PGFL identity,
upgsl,Exogenous,Multiplicative factor in PGSL identity,
upkbfir,Exogenous,Multiplicative factor in PKBFIR identity,
upmp,Exogenous,Multiplicative factor in PMP identity,
upxb,Exogenous,Multiplicative factor in PXB   identity,
uqpct,Behavioral,Stochastic component of trend ratio of PCNIA to PXP,log(uqpct) - uqpct_aerr = y_uqpct_1 + log(uqpct(-1)) + huqpct
uvbfi,Exogenous,Multiplicative factor in VBFI identity,
uxbt,Behavioral,Stochastic component of trend ratio of XGDPT to XBT,log(uxbt) - uxbt_aerr = y_uxbt_1 + log(uxbt(-1)) + .0025*huxb
uyd,Exogenous,Multiplicative factor in YDN identity,
uyhibn,Exogenous,Multiplicative factor (Consumer interest payments to business),
uyhln,Exogenous,Multiplicative factor in YHLN identity,
uyhptn,Exogenous,Multiplicative factor in YHPTN identity,
uyhsn,Exogenous,Multiplicative factor in personal saving identity (accounts for transfers to foreign,
uyhtn,Exogenous,Multiplicative factor in YHTN identity,
uyl,Exogenous,Multiplicative factor in YLN identity,
uyni,Exogenous,Multiplicative factor in YNIN identity,
uynicpnr,Behavioral,"Corporate profits, residual","uynicpnr - uynicpnr_aerr = y_uynicpnr_1*(1-y_uynicpnr_2)
                         + y_uynicpnr_2*uynicpnr(-1)"
uyp,Exogenous,Multiplicative factor in YPN identity,
vbfi,Behavioral,Desired investment-output ratio,vbfi - vbfi_aerr = uvbfi*(pkbfir/pbfir)/rtbfi
wpo,Identity,"Household property wealth ex. stock market, real",wpo - wpo_aerr = wpon/(.01*pcnia)
wpon,Identity,"Household property wealth ex. stock market, current $","wpon   - wpon_aerr =  wpon(-1)*exp((1
          -y_wpon_1)*rcgain/400
          + y_wpon_1*(log(phouse) - log(phouse(-1)))) + .25 * (ydn-ecnian-yhibn) + .25 * (.01*pcdr*pcnia*(ecd-jkcd))"
wps,Identity,"Household stock market wealth, real",wps - wps_aerr = wpsn/(.01*pcnia)
wpsn,Identity,"Household stock market wealth, current $","log(wpsn) - wpsn_aerr = log((ynicpn-tcin)*.5)
                      - .25 * (req-zdivgr)
                      + log(25) + 1"
xb,Identity,"Business output (BEA definition), cw 2012$",xb - xb_aerr =  xbn/ (pxb/100)
xbn,Identity,"Business output (BEA definition), current $",xbn - xbn_aerr =  pxb/100*xbo + xgdpn -xgdo*pgdp/100
xbo,Identity,"Business output, adjusted for measurement error, cw  2012$","log(xbo)  - xbo_aerr = log(xbt)
          + y_xbo_1*xgap2/100"
xbt,Identity,"Potential business output, cw 2012$","log(xbt) - xbt_aerr = y_xbt_1 * (log(leppot) + log(qlww) + log(lqualt))
                    + y_xbt_2 * log(ks)
                    + log(mfpt) + log(xbtr)"
xbtr,Behavioral,Residual Factor (Potential business output),log(xbtr) - xbtr_aerr = y_xbtr_1 * log(xbtr(-1))
xfs,Behavioral,"Final sales of gross domestic product, cw 2012$","log(xfs)  - xfs_aerr =  log(xfs(-1))
          + y_xfs_1*log(ecnia/ecnia(-1))
          + y_xfs_2*log(eh/eh(-1))
          + y_xfs_3*log(ebfi/ebfi(-1))
          + y_xfs_4*log(egfe/egfe(-1))
          + y_xfs_5*log(egfl/egfl(-1))
          + y_xfs_6*log(egse/egse(-1))
          + y_xfs_7*log(egsl/egsl(-1))
          + y_xfs_8*log(ex/ex(-1))
          + y_xfs_9*log(emo/emo(-1))
          + y_xfs_10*log(emp/emp(-1))"
xfsn,Identity,"Final sales of gross domestic product, current $",xfsn - xfsn_aerr = xgdpn - ein
xgap,Identity,Output gap for  business plus oil imports  (100*(actual/potential -1),xgap - xgap_aerr = 100*(xbo/xbt -1)
xgap2,Identity,Output gap for GDP (100*(actual/potential -1),xgap2 - xgap2_aerr = 100 * (xgdo/xgdpt -1)
xgdi,Identity,"Gross domestic income, cw 2012$",xgdi - xgdi_aerr = xgdo*mei
xgdin,Identity,"Gross domestic income, current $",xgdin - xgdin_aerr = xgdi *(pgdp/100)
xgdo,Identity,"Gross domestic product, adjusted for measurement error, cw 2012$",xgdo - xgdo_aerr = xgdp/mep
xgdp,Behavioral,"GDP, cw 2012$","log(xgdp)  - xgdp_aerr =  log(xgdp(-1))
          + y_xgdp_1*log(xfs/xfs(-1))
          + y_xgdp_2*(log(ki) - log(ki(-1)))
          + y_xgdp_3*(log(ki(-1))- log(ki(-2)))"
xgdpn,Identity,"GDP, current $",xgdpn - xgdpn_aerr = xpn + ein - emn + egfln + egsln
xgdpt,Identity,"Potential GDP, cw 2012$",log(xgdpt) - xgdpt_aerr = log(xbt) + log(uxbt)
xgdptn,Identity,"Potential GDP, current $",xgdptn - xgdptn_aerr = .01*pgdp*xgdpt
xp,Behavioral,"Final sales plus imports less government labor, cw 2012$","log(xp) - xp_aerr = log(xp(-1)) + y_xp_1*log(ecnia/ecnia(-1))+ y_xp_2*log(eh/eh(-1))
       + (y_xp_3)*log(ebfi/ebfi(-1))
       + (y_xp_4)*log(egfe/egfe(-1))
       + (y_xp_5)*log(egse/egse(-1))+ y_xp_6*log(ex/ex(-1))"
xpn,Identity,"Final sales plus imports less government labor, current $",xpn - xpn_aerr = .01 * pxp * xp
ydn,Identity,Disposable income,ydn - ydn_aerr = uyd * (ypn - tpn)
yh,Identity,"Income, household, total (real after-tax)",yh - yh_aerr = yhl + yht + yhp
yhgap,Identity,"Income, household, total, ratio to XGDP, cyclical component (real after-tax)",yhgap - yhgap_aerr = 100*log(yhshr/zyhst)
yhibn,Identity,Consumer interest payments to business,yhibn - yhibn_aerr = uyhibn*xgdpn
yhl,Identity,"Income, household, labor compensation (real after-tax)",yhl - yhl_aerr = (1-tryh)*yhln/(.01*pcnia)
yhln,Identity,"Income, household, labor compensation",yhln - yhln_aerr = uyhln * (yniln)
yhp,Identity,"Income, household, property (real after-tax)",yhp - yhp_aerr = ((1-tryh)*yhptn+yhpntn)/(.01*pcnia)
yhpcd,Behavioral,"Imputed income of the stock of consumer durables, 2012$",log(yhpcd) - yhpcd_aerr = log(y_yhpcd_1) + log(kcd(-1))
yhpgap,Identity,"Income, household, property, ratio to YH, cyclical component (real after-tax)",yhpgap - yhpgap_aerr = 100*log(yhpshr/zyhpst)
yhpntn,Identity,"Income, household, property, non-taxable component","yhpntn - yhpntn_aerr = .01*pcnia*pcdr*yhpcd
                     - yhibn + ynicpn - tcin - ynidn
                     - .01 * zpi10 *gfdbtn"
yhpshr,Identity,"Income, household, property, ratio to YH (real after-tax)",yhpshr - yhpshr_aerr = yhp/yh
yhptn,Identity,"Income, household, property, taxable component",yhptn - yhptn_aerr = uyhptn*(ynirn+gfintn+ynidn+yhibn)
yhshr,Identity,"Income, household, total, ratio to XGDP (real after-tax)",yhshr - yhshr_aerr = yh/xgdp
yhsn,Identity,Personal saving,"yhsn - yhsn_aerr = yhln + yhtn + yhptn - tpn - ecnian - yhibn
                 + uyhsn * xgdptn"
yht,Identity,"Income, household, transfer (real after-tax), net basis",yht - yht_aerr = yhtn/(.01*pcnia)
yhtgap,Identity,"Income, household, transfer, ratio to YH, cyclical component (real after-tax)",yhtgap - yhtgap_aerr = 100*log(yhtshr/zyhtst)
yhtn,Identity,"Income, household, transfer payments. net basis",yhtn - yhtn_aerr = uyhtn*gtn
yhtshr,Identity,"Income, household, transfer, ratio to YH (real after-tax)",yhtshr - yhtshr_aerr = yht/yh
ykbfin,Identity,Income from stock of BFI,ykbfin - ykbfin_aerr = .01*rtbfi*pxb* ( kbfi +  kbfi(-1)) /2
ykin,Identity,Income from stock of inventories,ykin - ykin_aerr = .01*rtinv*pxb* (ki + ki(-1)) /2
ymsdn,Exogenous,Microsoft one-time dividend payout in 2004Q4,
ynicpn,Identity,Corporate profits (national income component),"ynicpn - ynicpn_aerr = max(( (ynin-yniln-ynirn+uynicpnr*xgdpn)),( (tcin+.01*xgdpn)))"
ynidn,Behavioral,Dividends (national income component),"(log((ynidn-ymsdn)/pxb) - log((ynidn(-1)-ymsdn(-1))/pxb(-1)))  - ynidn_aerr =
            y_ynidn_1 * log(qynidn(-1)/(ynidn(-1)-ymsdn(-1)))
          + y_ynidn_2 * (log((ynidn(-1)-ymsdn(-1))/pxb(-1)) - log((ynidn(-2)-ymsdn(-2))/pxb(-2)))
          + y_ynidn_3 * zynid"
yniln,Identity,Labor income (national income component),yniln - yniln_aerr = 0.01 *  uyl * (pl*lhp + pgfl*egfl + pgsl*egsl)
ynin,Identity,National income,ynin - ynin_aerr = uyni*(xgdin+fynin-jccan)
ynirn,Behavioral,"Net interest, rental and proprietors' incomes (national income components)","ynirn/xgdpn - ynirn_aerr = y_ynirn_1
	 + y_ynirn_2*(ynirn(-1)/xgdpn(-1))
	 + y_ynirn_3*0.01*(rbbb - (rbbb(-1)))"
ypn,Identity,Personal income,ypn - ypn_aerr = uyp * (yhln + yhtn + yhptn)
zdivgr,Identity,"Expected growth rate of real dividends, for WPSN eq. (VAR exp.)","zdivgr  - zdivgr_aerr =
           y_zdivgr_1
          + y_zdivgr_2*picnia
          + y_zdivgr_3*picnia(-1)
          + y_zdivgr_4*picnia(-2)
          + y_zdivgr_5*picnia(-3)
          + y_zdivgr_6*rff
          + y_zdivgr_7*rff(-1)
          + y_zdivgr_8*rff(-2)
          + y_zdivgr_9*rff(-3)
          + y_zdivgr_10*rtr
          + y_zdivgr_11*ptr
          + y_zdivgr_12*xgap
          + y_zdivgr_13*xgap(-1)
          + y_zdivgr_14*xgap(-2)
          + y_zdivgr_15*xgap(-3)
          + y_zdivgr_16*hgynid
          + y_zdivgr_17*hgynid(-1)
          + y_zdivgr_18*hgynid(-2)
          + y_zdivgr_19*hgynid(-3)
          + y_zdivgr_20*hxbt"
zebfi,Identity,Expected growth rate of business output EBFI (VAR exp.),"zebfi  - zebfi_aerr =
           y_zebfi_1
          + y_zebfi_2*picnia(-1)
          + y_zebfi_3*picnia(-2)
          + y_zebfi_4*picnia(-3)
          + y_zebfi_5*picnia(-4)
          + y_zebfi_6*rff(-1)
          + y_zebfi_7*rff(-2)
          + y_zebfi_8*rff(-3)
          + y_zebfi_9*rff(-4)
          + y_zebfi_10*rtr(-1)
          + y_zebfi_11*ptr(-1)
          + y_zebfi_12*xgap(-1)
          + y_zebfi_13*xgap(-2)
          + y_zebfi_14*xgap(-3)
          + y_zebfi_15*xgap(-4)
          + y_zebfi_16*(log(qebfi(-1)) - log(qebfi(-2)))
          + y_zebfi_17*(log(qebfi(-2)) - log(qebfi(-3)))
          + y_zebfi_18*(log(qebfi(-3)) - log(qebfi(-4)))
          + y_zebfi_19*(log(qebfi(-4)) - log(qebfi(-5)))
          + y_zebfi_20*hxbt(-1)/400
          + y_zebfi_21*hgpbfir(-1)/400"
zecd,Identity,"Expected growth rate of target durable consumption, for ECD eq. (VAR exp.)","zecd  - zecd_aerr =
           y_zecd_1*picnia(-1)
          + y_zecd_2*picnia(-2)
          + y_zecd_3*picnia(-3)
          + y_zecd_4*picnia(-4)
          + y_zecd_5*rff(-1)
          + y_zecd_6*rff(-2)
          + y_zecd_7*rff(-3)
          + y_zecd_8*rff(-4)
          + y_zecd_9*xgap2(-1)
          + y_zecd_10*xgap2(-2)
          + y_zecd_11*xgap2(-3)
          + y_zecd_12*xgap2(-4)
          + y_zecd_13*ptr(-1)
          + y_zecd_14*rtr(-1)
          + y_zecd_15*yhgap(-1)
          + y_zecd_16*yhgap(-2)
          + y_zecd_17*yhgap(-3)
          + y_zecd_18*yhgap(-4)
          + y_zecd_19*yhtgap(-1)
          + y_zecd_20*yhtgap(-2)
          + y_zecd_21*yhtgap(-3)
          + y_zecd_22*yhtgap(-4)
          + y_zecd_23*yhpgap(-1)
          + y_zecd_24*yhpgap(-2)
          + y_zecd_25*yhpgap(-3)
          + y_zecd_26*yhpgap(-4)
          + y_zecd_27*hggdpt(-1)/400
          + y_zecd_28*hgpcdr(-1)/400
          + y_zecd_29*(log(qecd(-1)) - log(qecd(-2)))
          + y_zecd_30*(log(qecd(-2)) - log(qecd(-3)))
          + y_zecd_31*(log(qecd(-3)) - log(qecd(-4)))
          + y_zecd_32*(log(qecd(-4)) - log(qecd(-5)))"
zeco,Identity,"Expected growth rate of target nondurables and nonhousing services, for ECO eq (VAR","zeco  - zeco_aerr =
           y_zeco_1*picnia(-1)
          + y_zeco_2*picnia(-2)
          + y_zeco_3*picnia(-3)
          + y_zeco_4*picnia(-4)
          + y_zeco_5*rff(-1)
          + y_zeco_6*rff(-2)
          + y_zeco_7*rff(-3)
          + y_zeco_8*rff(-4)
          + y_zeco_9*xgap2(-1)
          + y_zeco_10*xgap2(-2)
          + y_zeco_11*xgap2(-3)
          + y_zeco_12*xgap2(-4)
          + y_zeco_13*ptr(-1)
          + y_zeco_14*rtr(-1)
          + y_zeco_15*yhgap(-1)
          + y_zeco_16*yhgap(-2)
          + y_zeco_17*yhgap(-3)
          + y_zeco_18*yhgap(-4)
          + y_zeco_19*yhtgap(-1)
          + y_zeco_20*yhtgap(-2)
          + y_zeco_21*yhtgap(-3)
          + y_zeco_22*yhtgap(-4)
          + y_zeco_23*yhpgap(-1)
          + y_zeco_24*yhpgap(-2)
          + y_zeco_25*yhpgap(-3)
          + y_zeco_26*yhpgap(-4)
          + y_zeco_27*hggdpt(-1)/400
          + y_zeco_28*(log(qeco(-1)) - log(qeco(-2)))
          + y_zeco_29*(log(qeco(-2)) - log(qeco(-3)))
          + y_zeco_30*(log(qeco(-3)) - log(qeco(-4)))
          + y_zeco_31*(log(qeco(-4)) - log(qeco(-5)))"
zeh,Identity,"Expected growth rate of target residential investment, for EH eq. (VAR exp.)","zeh  - zeh_aerr =
           y_zeh_1*picnia(-1)
          + y_zeh_2*picnia(-2)
          + y_zeh_3*picnia(-3)
          + y_zeh_4*picnia(-4)
          + y_zeh_5*rff(-1)
          + y_zeh_6*rff(-2)
          + y_zeh_7*rff(-3)
          + y_zeh_8*rff(-4)
          + y_zeh_9*xgap2(-1)
          + y_zeh_10*xgap2(-2)
          + y_zeh_11*xgap2(-3)
          + y_zeh_12*xgap2(-4)
          + y_zeh_13*ptr(-1)
          + y_zeh_14*rtr(-1)
          + y_zeh_15*yhgap(-1)
          + y_zeh_16*yhgap(-2)
          + y_zeh_17*yhgap(-3)
          + y_zeh_18*yhgap(-4)
          + y_zeh_19*yhtgap(-1)
          + y_zeh_20*yhtgap(-2)
          + y_zeh_21*yhtgap(-3)
          + y_zeh_22*yhtgap(-4)
          + y_zeh_23*yhpgap(-1)
          + y_zeh_24*yhpgap(-2)
          + y_zeh_25*yhpgap(-3)
          + y_zeh_26*yhpgap(-4)
          + y_zeh_27*hggdpt(-1)/400
          + y_zeh_28*(log(qeh(-1)) - log(qeh(-2)))
          + y_zeh_29*(log(qeh(-2)) - log(qeh(-3)))
          + y_zeh_30*(log(qeh(-3)) - log(qeh(-4)))
          + y_zeh_31*(log(qeh(-4)) - log(qeh(-5)))"
zgap05,Identity,"Expected output gap, for RG5 eq. (VAR exp.)","zgap05  - zgap05_aerr =
           y_zgap05_1
          + y_zgap05_2*picnia
          + y_zgap05_3*picnia(-1)
          + y_zgap05_4*picnia(-2)
          + y_zgap05_5*picnia(-3)
          + y_zgap05_6*rff
          + y_zgap05_7*rff(-1)
          + y_zgap05_8*rff(-2)
          + y_zgap05_9*rff(-3)
          + y_zgap05_10*rtr
          + y_zgap05_11*ptr
          + y_zgap05_12*xgap
          + y_zgap05_13*xgap(-1)
          + y_zgap05_14*xgap(-2)
          + y_zgap05_15*xgap(-3)"
zgap10,Identity,"Expected output gap, for RG10 eq. (VAR exp.)","zgap10  - zgap10_aerr =
           y_zgap10_1
          + y_zgap10_2*picnia
          + y_zgap10_3*picnia(-1)
          + y_zgap10_4*picnia(-2)
          + y_zgap10_5*picnia(-3)
          + y_zgap10_6*rff
          + y_zgap10_7*rff(-1)
          + y_zgap10_8*rff(-2)
          + y_zgap10_9*rff(-3)
          + y_zgap10_10*rtr
          + y_zgap10_11*ptr
          + y_zgap10_12*xgap
          + y_zgap10_13*xgap(-1)
          + y_zgap10_14*xgap(-2)
          + y_zgap10_15*xgap(-3)"
zgap30,Identity,"Expected output gap, for RG30 eq. (VAR exp.)","zgap30  - zgap30_aerr =
           y_zgap30_1
          + y_zgap30_2*picnia
          + y_zgap30_3*picnia(-1)
          + y_zgap30_4*picnia(-2)
          + y_zgap30_5*picnia(-3)
          + y_zgap30_6*rff
          + y_zgap30_7*rff(-1)
          + y_zgap30_8*rff(-2)
          + y_zgap30_9*rff(-3)
          + y_zgap30_10*rtr
          + y_zgap30_11*ptr
          + y_zgap30_12*xgap
          + y_zgap30_13*xgap(-1)
          + y_zgap30_14*xgap(-2)
          + y_zgap30_15*xgap(-3)"
zgapc2,Identity,"Expected output gap, for ECD eq. (VAR exp.)","zgapc2  - zgapc2_aerr =
           y_zgapc2_1*picnia(-1)
          + y_zgapc2_2*picnia(-2)
          + y_zgapc2_3*picnia(-3)
          + y_zgapc2_4*picnia(-4)
          + y_zgapc2_5*rff(-1)
          + y_zgapc2_6*rff(-2)
          + y_zgapc2_7*rff(-3)
          + y_zgapc2_8*rff(-4)
          + y_zgapc2_9*xgap2(-1)
          + y_zgapc2_10*xgap2(-2)
          + y_zgapc2_11*xgap2(-3)
          + y_zgapc2_12*xgap2(-4)
          + y_zgapc2_13*ptr(-1)
          + y_zgapc2_14*rtr(-1)"
zlhp,Identity,Expected growth rate of target aggregate hours (VAR exp.),"zlhp  - zlhp_aerr =
           y_zlhp_1*picnia(-1)
          + y_zlhp_2*picnia(-2)
          + y_zlhp_3*picnia(-3)
          + y_zlhp_4*picnia(-4)
          + y_zlhp_5*rff(-1)
          + y_zlhp_6*rff(-2)
          + y_zlhp_7*rff(-3)
          + y_zlhp_8*rff(-4)
          + y_zlhp_9*rtr(-1)
          + y_zlhp_10*ptr(-1)
          + y_zlhp_11*xgap(-1)
          + y_zlhp_12*xgap(-2)
          + y_zlhp_13*xgap(-3)
          + y_zlhp_14*xgap(-4)
          + y_zlhp_15*((log(xbo(-1)) - log(xbo(-2)))-(log(lprdt(-1)) - log(lprdt(-2))))
          + y_zlhp_16*(hlept(-1)+hqlww(-1))/400"
zpi10,Identity,"Expected cons. price infl., for RCCH, RRMET, and YHPNTN eqs. (10-yr mat.) (VAR exp.)","zpi10  - zpi10_aerr =
           y_zpi10_1*picnia(-1)
          + y_zpi10_2*picnia(-2)
          + y_zpi10_3*picnia(-3)
          + y_zpi10_4*picnia(-4)
          + y_zpi10_5*rff(-1)
          + y_zpi10_6*rff(-2)
          + y_zpi10_7*rff(-3)
          + y_zpi10_8*rff(-4)
          + y_zpi10_9*rtr(-1)
          + y_zpi10_10*ptr(-1)
          + y_zpi10_11*xgap(-1)
          + y_zpi10_12*xgap(-2)
          + y_zpi10_13*xgap(-3)
          + y_zpi10_14*xgap(-4)"
zpi10f,Identity,"Expected cons. price infl., for FPXR eq. (10-yr mat.) (VAR exp.)",zpi10f-zpi10f_aerr = zpi10
zpi5,Identity,"Expected cons. price infl., for RCCD eq. (5-yr mat.) (VAR exp.)","zpi5  - zpi5_aerr =
           y_zpi5_1*picnia(-1)
          + y_zpi5_2*picnia(-2)
          + y_zpi5_3*picnia(-3)
          + y_zpi5_4*picnia(-4)
          + y_zpi5_5*rff(-1)
          + y_zpi5_6*rff(-2)
          + y_zpi5_7*rff(-3)
          + y_zpi5_8*rff(-4)
          + y_zpi5_9*rtr(-1)
          + y_zpi5_10*ptr(-1)
          + y_zpi5_11*xgap(-1)
          + y_zpi5_12*xgap(-2)
          + y_zpi5_13*xgap(-3)
          + y_zpi5_14*xgap(-4)"
zpib5,Identity,"Expected output price infl., for RPD eq. (5-yr mat.) (VAR exp.)","zpib5  - zpib5_aerr =
           y_zpib5_1
          + y_zpib5_2*picnia(-1)
          + y_zpib5_3*picnia(-2)
          + y_zpib5_4*picnia(-3)
          + y_zpib5_5*picnia(-4)
          + y_zpib5_6*rff(-1)
          + y_zpib5_7*rff(-2)
          + y_zpib5_8*rff(-3)
          + y_zpib5_9*rff(-4)
          + y_zpib5_10*rtr(-1)
          + y_zpib5_11*ptr(-1)
          + y_zpib5_12*xgap(-1)
          + y_zpib5_13*xgap(-2)
          + y_zpib5_14*xgap(-3)
          + y_zpib5_15*xgap(-4)
          + y_zpib5_16*400*(log(pxb(-1)) - log(pxb(-2)))
          + y_zpib5_17*400*(log(pxb(-2)) - log(pxb(-3)))
          + y_zpib5_18*400*(log(pxb(-3)) - log(pxb(-4)))
          + y_zpib5_19*400*(log(pxb(-4)) - log(pxb(-5)))"
zpic30,Identity,"Expected cons. price infl., for REQ eq. (30-yr mat.) (VAR exp.)","zpic30  - zpic30_aerr =
           y_zpic30_1
          + y_zpic30_2*picnia
          + y_zpic30_3*picnia(-1)
          + y_zpic30_4*picnia(-2)
          + y_zpic30_5*picnia(-3)
          + y_zpic30_6*rff
          + y_zpic30_7*rff(-1)
          + y_zpic30_8*rff(-2)
          + y_zpic30_9*rff(-3)
          + y_zpic30_10*rtr
          + y_zpic30_11*ptr
          + y_zpic30_12*xgap
          + y_zpic30_13*xgap(-1)
          + y_zpic30_14*xgap(-2)
          + y_zpic30_15*xgap(-3)"
zpic58,Identity,Expected 4-qtr consumer price inflation (8 qtrs. in the future) (VAR exp.),"zpic58  - zpic58_aerr =
           y_zpic58_1*picnia
          + y_zpic58_2*picnia(-1)
          + y_zpic58_3*picnia(-2)
          + y_zpic58_4*picnia(-3)
          + y_zpic58_5*rff
          + y_zpic58_6*rff(-1)
          + y_zpic58_7*rff(-2)
          + y_zpic58_8*rff(-3)
          + y_zpic58_9*rtr
          + y_zpic58_10*ptr
          + y_zpic58_11*xgap
          + y_zpic58_12*xgap(-1)
          + y_zpic58_13*xgap(-2)
          + y_zpic58_14*xgap(-3)"
zpicxfe,Identity,Expected value of picxfe in the next quarter (VAR exp.),"zpicxfe-zpicxfe_aerr =  ( y_zpicxfe_1 *  picxfe(-1) +  y_zpicxfe_2 *  picxfe(-2) +  y_zpicxfe_3 *  picxfe(-3) +  y_zpicxfe_4 *  picxfe(-4))
                 +  ( y_zpicxfe_5 *  pieci(-1) +  y_zpicxfe_6 *  pieci(-2) +  y_zpicxfe_7 *  pieci(-3) +  y_zpicxfe_8 *  pieci(-4))
                 +  ( y_zpicxfe_9 *  rff(-1) +  y_zpicxfe_10 *  rff(-2) +  y_zpicxfe_11 *  rff(-3) +  y_zpicxfe_12 *  rff(-4))
                 +  ( y_zpicxfe_13 *  xgap2(-1) +  y_zpicxfe_14 *  xgap2(-2) +  y_zpicxfe_15 *  xgap2(-3) +  y_zpicxfe_16 *  xgap2(-4))
                 + y_zpicxfe_17 * rtr(-1)
                 + y_zpicxfe_18 * ptr(-1)
                 + y_zpicxfe_19 * log(qpcnia(-1)/pcnia(-1))
                 + y_zpicxfe_20 * log(qpl(-1)/pl(-1))
                 + y_zpicxfe_21 * (hlprdt(-1) - 400*huqpct(-1))
                 +  ( y_zpicxfe_22 * (lur(-1) - lurnat(-1)) +  y_zpicxfe_23 * (lur(-2) - lurnat(-2)))"
zpieci,Identity,Expected value of pieci in the next quarter (VAR exp.),"zpieci-zpieci_aerr =  ( y_zpieci_1 *  picxfe(-1) +  y_zpieci_2 *  picxfe(-2) +  y_zpieci_3 *  picxfe(-3) +  y_zpieci_4 *  picxfe(-4))
                 +  ( y_zpieci_5 *  pieci(-1) +  y_zpieci_6 *  pieci(-2) +  y_zpieci_7 *  pieci(-3) +  y_zpieci_8 *  pieci(-4))
                 +  ( y_zpieci_9 *  rff(-1) +  y_zpieci_10 *  rff(-2) +  y_zpieci_11 *  rff(-3) +  y_zpieci_12 *  rff(-4))
                 +  ( y_zpieci_13 *  xgap2(-1) +  y_zpieci_14 *  xgap2(-2) +  y_zpieci_15 *  xgap2(-3) +  y_zpieci_16 *  xgap2(-4))
                 + y_zpieci_17 * rtr(-1)
                 + y_zpieci_18 * ptr(-1)
                 + y_zpieci_19 * log(qpcnia(-1)/pcnia(-1))
                 + y_zpieci_20 * log(qpl(-1)/pl(-1))
                 + y_zpieci_21 * (hlprdt(-1) - 400*huqpct(-1))
                 +  ( y_zpieci_22 * (lur(-1) - lurnat(-1)) +  y_zpieci_23 * (lur(-2) - lurnat(-2)))"
zrff10,Identity,"Expected federal funds rate, for RG10 eq. (10-yr mat.) (VAR exp.)","zrff10  - zrff10_aerr =
           y_zrff10_1
          + y_zrff10_2*picnia
          + y_zrff10_3*picnia(-1)
          + y_zrff10_4*picnia(-2)
          + y_zrff10_5*picnia(-3)
          + y_zrff10_6*rff
          + y_zrff10_7*rff(-1)
          + y_zrff10_8*rff(-2)
          + y_zrff10_9*rff(-3)
          + y_zrff10_10*rtr
          + y_zrff10_11*ptr
          + y_zrff10_12*xgap
          + y_zrff10_13*xgap(-1)
          + y_zrff10_14*xgap(-2)
          + y_zrff10_15*xgap(-3)"
zrff30,Identity,"Expected federal funds rate, for RG30 eq. (30-yr mat.) (VAR exp.)","zrff30  - zrff30_aerr =
           y_zrff30_1
          + y_zrff30_2*picnia
          + y_zrff30_3*picnia(-1)
          + y_zrff30_4*picnia(-2)
          + y_zrff30_5*picnia(-3)
          + y_zrff30_6*rff
          + y_zrff30_7*rff(-1)
          + y_zrff30_8*rff(-2)
          + y_zrff30_9*rff(-3)
          + y_zrff30_10*rtr
          + y_zrff30_11*ptr
          + y_zrff30_12*xgap
          + y_zrff30_13*xgap(-1)
          + y_zrff30_14*xgap(-2)
          + y_zrff30_15*xgap(-3)"
zrff5,Identity,"Expected federal funds rate, for RG5 eq. (5-yr mat.) (VAR exp.)","zrff5  - zrff5_aerr =
           y_zrff5_1
          + y_zrff5_2*picnia
          + y_zrff5_3*picnia(-1)
          + y_zrff5_4*picnia(-2)
          + y_zrff5_5*picnia(-3)
          + y_zrff5_6*rff
          + y_zrff5_7*rff(-1)
          + y_zrff5_8*rff(-2)
          + y_zrff5_9*rff(-3)
          + y_zrff5_10*rtr
          + y_zrff5_11*ptr
          + y_zrff5_12*xgap
          + y_zrff5_13*xgap(-1)
          + y_zrff5_14*xgap(-2)
          + y_zrff5_15*xgap(-3)"
zyh,Identity,"Expected level of real after-tax household income, for QEC eq. (VAR exp.)","log(zyh)  - zyh_aerr =
           y_zyh_1*picnia
          + y_zyh_2*picnia(-1)
          + y_zyh_3*picnia(-2)
          + y_zyh_4*picnia(-3)
          + y_zyh_5*rff
          + y_zyh_6*rff(-1)
          + y_zyh_7*rff(-2)
          + y_zyh_8*rff(-3)
          + y_zyh_9*xgap2
          + y_zyh_10*xgap2(-1)
          + y_zyh_11*xgap2(-2)
          + y_zyh_12*xgap2(-3)
          + y_zyh_13*ptr
          + y_zyh_14*rtr
          + y_zyh_15*yhgap
          + y_zyh_16*yhgap(-1)
          + y_zyh_17*yhgap(-2)
          + y_zyh_18*yhgap(-3)
          + y_zyh_19*log(zyhst*xgdpt)"
zyhp,Identity,"Expected level of real after-tax property income, for QEC eq. (VAR exp.)","log(zyhp)  - zyhp_aerr =
           y_zyhp_1*picnia
          + y_zyhp_2*picnia(-1)
          + y_zyhp_3*picnia(-2)
          + y_zyhp_4*picnia(-3)
          + y_zyhp_5*rff
          + y_zyhp_6*rff(-1)
          + y_zyhp_7*rff(-2)
          + y_zyhp_8*rff(-3)
          + y_zyhp_9*xgap2
          + y_zyhp_10*xgap2(-1)
          + y_zyhp_11*xgap2(-2)
          + y_zyhp_12*xgap2(-3)
          + y_zyhp_13*ptr
          + y_zyhp_14*rtr
          + y_zyhp_15*yhgap
          + y_zyhp_16*yhgap(-1)
          + y_zyhp_17*yhgap(-2)
          + y_zyhp_18*yhgap(-3)
          + y_zyhp_19*yhpgap
          + y_zyhp_20*yhpgap(-1)
          + y_zyhp_21*yhpgap(-2)
          + y_zyhp_22*yhpgap(-3)
          + y_zyhp_23*log(zyhpst*zyhst*xgdpt)"
zyhpst,Behavioral,Expected trend share of property income in household income,log(zyhpst)-zyhpst_aerr = log(zyhpst(-1)) + y_zyhpst_1*yhpgap(-1)/100
zyhst,Behavioral,Expected trend ratio of household income to GDP,log(zyhst) - zyhst_aerr = log(zyhst(-1)) + y_zyhst_1*yhgap(-1)/100
zyht,Identity,"Expected level of real transfer income, for QEC eq. (VAR exp.)","log(zyht)  - zyht_aerr =
           y_zyht_1*picnia
          + y_zyht_2*picnia(-1)
          + y_zyht_3*picnia(-2)
          + y_zyht_4*picnia(-3)
          + y_zyht_5*rff
          + y_zyht_6*rff(-1)
          + y_zyht_7*rff(-2)
          + y_zyht_8*rff(-3)
          + y_zyht_9*xgap2
          + y_zyht_10*xgap2(-1)
          + y_zyht_11*xgap2(-2)
          + y_zyht_12*xgap2(-3)
          + y_zyht_13*ptr
          + y_zyht_14*rtr
          + y_zyht_15*yhgap
          + y_zyht_16*yhgap(-1)
          + y_zyht_17*yhgap(-2)
          + y_zyht_18*yhgap(-3)
          + y_zyht_19*yhtgap
          + y_zyht_20*yhtgap(-1)
          + y_zyht_21*yhtgap(-2)
          + y_zyht_22*yhtgap(-3)
          + y_zyht_23*log(zyhtst*zyhst*xgdpt)"
zyhtst,Behavioral,Expected trend share of transfer income in household income,log(zyhtst) - zyhtst_aerr = log(zyhtst(-1)) + y_zyhtst_1*yhtgap(-1)/100
zynid,Identity,"Expected rate of growth of target real dividends, for YNIDN eq. (VAR exp.)","zynid  - zynid_aerr =
           y_zynid_1
          + y_zynid_2*picnia(-1)
          + y_zynid_3*picnia(-2)
          + y_zynid_4*picnia(-3)
          + y_zynid_5*picnia(-4)
          + y_zynid_6*rff(-1)
          + y_zynid_7*rff(-2)
          + y_zynid_8*rff(-3)
          + y_zynid_9*rff(-4)
          + y_zynid_10*rtr(-1)
          + y_zynid_11*ptr(-1)
          + y_zynid_12*xgap(-1)
          + y_zynid_13*xgap(-2)
          + y_zynid_14*xgap(-3)
          + y_zynid_15*xgap(-4)
          + y_zynid_16*(log(qynidn(-1)/pxb(-1)) - log(qynidn(-2)/pxb(-2)))
          + y_zynid_17*(log(qynidn(-2)/pxb(-2)) - log(qynidn(-3)/pxb(-3)))
          + y_zynid_18*(log(qynidn(-3)/pxb(-3)) - log(qynidn(-4)/pxb(-4)))
          + y_zynid_19*(log(qynidn(-4)/pxb(-4)) - log(qynidn(-5)/pxb(-5)))
          + y_zynid_20*hggdpt(-1)/400"
